{
  "seed": 20260735,
  "image_size": 64,
  "alpha_B": 3,
  "condition_number_B": 1000,
  "condition_number_kron_B_B": 1000000,
  "rho": 0.001,
  "noise_norm": 0.0025472059699215583,
  "lambdas": [
    1e-10,
    1e-07,
    1e-05,
    0.001
  ],
  "best_lambda": 1e-07,
  "best_frobenius_relative_error": 0.5331556577281562,
  "csv": "D:\\WHU\\\u8bfe\u7a0b\\\u5927\u4e00\u4e0b\\\u5de5\u79d1\u9ad8\u7b49\u4ee3\u6570\uff08\u4e8c\uff09\\\u671f\u4e2d\u5c0f\u7ec4\u5b9e\u9a8c\\results\\exp_2d_image_recovery.csv"
}